sample_id,IoU,Dice,Precision,Recall,F1,PixelAcc,TP,FP,FN,TN
Ghana_313799,0.43895277723539206,0.6101003231406052,0.8367537314194247,0.48006422277761196,0.6100998598931571,0.9650115966649627,1794,350,1943,61449
Ghana_1078550,0.18333333560185183,0.30985915654962637,0.7096774224765868,0.1981982006060114,0.3098588168687207,0.9955139160004348,66,27,267,65176
Ghana_97059,1.0,1.0,1.0,1.0,0.99999950000025,0.9999999999847413,0,0,0,65536
Ghana_359826,0.6002098640081743,0.7501639345900565,0.8627450982462367,0.6635730862371542,0.7501634432682608,0.9941864013520175,572,91,290,64583
Ghana_319168,0.6762234305753647,0.8068416396438198,0.7851540080557534,0.8297614233896319,0.8068411400351142,0.9400329589700314,8208,2246,1684,53398
Ghana_866994,0.32369455363882155,0.4890774125231066,0.4998423583392511,0.4787663735050105,0.4890769127653826,0.5956573486237235,12683,12691,13808,26354
Ghana_406026,0.7711053091635288,0.8707616708251785,0.9162357808518762,0.8295880151408351,0.8707611721206124,0.9959869384613651,886,81,182,64387
Ghana_53713,1.0,1.0,1.0,1.0,0.99999950000025,0.9999999999847413,0,0,0,65536
Ghana_83483,1.0,1.0,1.0,1.0,0.99999950000025,0.9999999999847413,0,0,0,65536
Ghana_167233,1.0,1.0,1.0,1.0,0.99999950000025,0.9999999999847413,0,0,0,65536
Ghana_141271,2.3752969064719787e-09,2.3752969064719787e-09,1.0,2.3752969064719787e-09,4.750589051070848e-09,0.9935760497895268,0,0,421,65115
India_900498,0.8770714438344349,0.9345104542656893,0.9413672246080328,0.9277528488902168,0.9345099542935489,0.9385375976419291,28739,1790,2238,32769
India_591317,0.9239126673843842,0.9604517741855574,0.9889995925779103,0.9335058033864667,0.9604512746031327,0.9664459228368159,26702,297,1902,36635
India_747992,0.8253401003085576,0.9043137771066383,0.875756803266976,0.9347959183695648,0.9043132776401404,0.9112548827985955,27483,3899,1917,32237
India_79637,0.23540489690181737,0.3810975612900927,0.5725190846221083,0.28560548416937886,0.38109711749991837,0.9814147949068999,375,280,938,63943
India_952728,0.26942482365643294,0.4244833069887432,0.34392443136800155,0.5543252598239963,0.42448283457460256,0.966857910141497,801,1528,644,62563
India_828067,0.5539215688262382,0.7129337540255424,0.713547646547906,0.7123209170703032,0.7129332541085879,0.9847259521334119,1243,499,502,63292
India_570384,0.5479092444125427,0.7079345851353198,0.6353555121471285,0.7992341357223102,0.7079340916957245,0.9632110595556151,2922,1677,734,60203
India_44475,1.0,1.0,1.0,1.0,0.99999950000025,0.9999999999847413,0,0,0,65536
India_80221,0.9087860273639,0.9522136209454255,0.9477785088496804,0.9566904362431247,0.9522131209574682,0.9580841064306934,27369,1508,1239,35420
India_1018327,0.6784144622540498,0.8083992094956325,0.7386907449445878,0.8926350245616328,0.8083987139580237,0.9408264160012693,8181,2894,984,53477
India_592446,0.637279597107852,0.7784615385102281,0.7683297181048462,0.7888641426330227,0.7784610386461852,0.984619140609976,1771,534,474,62757
India_772630,0.5178571440870992,0.6823529417103312,0.8152610449186304,0.5867052035066324,0.6823524555331484,0.9971160888519728,203,46,143,65144
India_631692,0.5632530133636957,0.7206165708658641,0.5899053640696992,0.9257425746250367,0.7206160959533283,0.9977874755707126,187,130,15,65204
India_399883,0.7701568147602198,0.8701565966772218,0.9643289858183904,0.7927408015059544,0.8701561014479261,0.8767700195178716,27061,1001,7075,30399
Mekong_333434,0.3599306163400428,0.5293367349940454,0.5592991919685995,0.5024213081084488,0.5293362367296319,0.9887390136567882,415,327,411,64383
Mekong_45934,0.32038835611273436,0.48529412143166084,0.5409836140822358,0.44000000746666657,0.4852936305152099,0.9989318847503826,33,28,42,65433
Mekong_1443339,0.9190384194084917,0.9578113810679708,0.9578014405222866,0.9578213218208689,0.9578108810686697,0.9379730224466253,46144,2033,2032,15327
Mekong_382276,0.9072970960881247,0.9513956666110881,0.9086502610333146,0.9983613273255382,0.9513951677273472,0.9962005615082368,2437,245,4,62850
Mekong_254910,0.15217393147447977,0.26415095728017063,0.4666667022222199,0.18421054778393298,0.2641505653263541,0.9994049072113129,7,8,31,65490
Mekong_424793,0.5966386557703295,0.747368421173508,0.7292250235954948,0.7664376842331327,0.7473679216042352,0.9919433593598642,781,290,238,64227
Nigeria_417184,9.337068151879487e-10,9.337068151879487e-10,1.3888888869598765e-09,2.849002840886032e-09,7.880500063218253e-12,0.9836578368990532,0,720,351,64465
Nigeria_225131,0.554987213414355,0.7138157899443819,0.6615853668854105,0.7750000008035715,0.7138152935317691,0.9973449706879068,217,111,63,65145
Nigeria_812045,0.8867199231219076,0.9399592512425194,0.8999634235582796,0.9836753731348722,0.9399587522312686,0.9424438476418695,29526,3282,490,32238
Nigeria_22088,0.35714286096938774,0.5263157915512465,0.8571428591836734,0.37974683936869086,0.5263153681136084,0.9983520507660164,60,10,98,65368
Pakistan_849790,0.7829511381438626,0.8782642680355973,0.8937713927615636,0.8632860701761709,0.8782637681878386,0.843154907213697,37079,4407,5872,18178
Pakistan_664885,0.6195524150535308,0.765090909261752,0.6760925454034801,0.8810720269998793,0.7650904180969766,0.995071411117629,526,252,71,64687
Pakistan_694942,0.8001075654714759,0.888955283349372,0.8201029033774159,0.9704283539964278,0.8889547868849951,0.9829864501803134,4463,979,136,59958
Pakistan_70625,0.28199566212437044,0.43993231842079394,0.6403940892604366,0.3350515469630141,0.43993186773064696,0.98484802244591,390,219,774,64153
Pakistan_528249,9.4339621751513e-09,9.4339621751513e-09,9.4339621751513e-09,1.0,1.886790530439819e-08,0.998382568344141,0,106,0,65430
Pakistan_167553,2.732240429693332e-09,2.732240429693332e-09,1.0,2.732240429693332e-09,5.464475379981024e-09,0.9944152831879516,0,0,366,65170
Paraguay_913449,0.28415651104287587,0.4425574428358854,0.70880000046592,0.32171387122606104,0.44255701366158057,0.9829711913912511,443,182,934,63977
Paraguay_280900,0.6993655443146094,0.823090178109394,0.7895316805567318,0.8596280744693293,0.8230896790638116,0.9906005859223848,1433,382,234,63487
Paraguay_790830,0.9333172263912398,0.9655086228464441,0.9605868457092395,0.9704810953434894,0.9655081228619845,0.9915771484223699,7726,317,235,57258
Paraguay_232281,0.5126165661443942,0.6777878513340715,0.61386030221,0.7565780596739201,0.6777873567765003,0.918655395493795,5607,3527,1804,54598
Paraguay_271769,0.4595267752683353,0.6296928330804668,0.7055449336414055,0.5685670268589106,0.6296923391758587,0.9933776855317173,369,154,280,64733
Paraguay_40936,1.0,1.0,1.0,1.0,0.99999950000025,0.9999999999847413,0,0,0,65536
Paraguay_1029191,0.9147626740584074,0.9554841301745487,0.9674558620155027,0.9438050638984201,0.9554836302531623,0.9830932617037493,11891,400,708,52537
Paraguay_59731,0.7222820239803207,0.8387500001007813,0.7439024393083121,0.9613180516313495,0.838749508329976,0.9960632324066764,671,231,27,64607
Paraguay_683296,0.7097852030024893,0.8302624232746336,0.8575547867026789,0.8046536797593865,0.8302619238287611,0.9907226562348829,1487,247,361,63441
Paraguay_34417,7.99999999936e-11,7.99999999936e-11,1.0,7.99999999936e-11,1.5999983997456004e-10,0.8092651367064017,0,0,12500,53036
Paraguay_868895,0.5389444772338738,0.70040795516313,0.7052631579704074,0.6956191441641886,0.7004074552253772,0.9641418456884134,2747,1148,1202,60439
Paraguay_511199,0.42772736876393175,0.5991723323087241,0.5196103564420379,0.707504363103838,0.5991718440910062,0.9586181640478727,2027,1874,838,60797
Paraguay_80102,2.499999375000156e-07,2.499999375000156e-07,1.0,2.499999375000156e-07,4.99999250001e-07,0.9999389648284922,0,0,4,65532
Paraguay_651904,0.7280701754764592,0.8426395939213086,0.9314214463962556,0.7693099897352789,0.8426390984771034,0.9701995849461336,5229,385,1568,58354
Somalia_699062,0.591428571817687,0.7432675046419704,0.7288732397548436,0.7582417585369453,0.7432670049909512,0.9934539794770287,621,231,198,64486
Somalia_60129,5.91715972830083e-09,5.91715972830083e-09,4.99999750000125e-07,5.9880239162393775e-09,3.9761417894229615e-09,0.9974212646332181,0,2,167,65367
Somalia_685158,0.7167548501214868,0.8350113006071495,0.732692307724436,0.9705460913914112,0.8350108103695147,0.9632415771337397,6096,2224,185,57031
Somalia_166342,3.3333322222225924e-07,3.3333322222225924e-07,1.0,3.3333322222225924e-07,6.666655555571853e-07,0.9999542236175545,0,0,3,65533
Somalia_94102,0.8492489270790641,0.9184798375517146,0.8506179473802746,0.9981084489287174,0.918479340746194,0.9914245605317472,3166,556,6,61808
Somalia_322855,0.760374547793121,0.8638781431389475,0.7884516366466752,0.9552624543306958,0.8638776477205258,0.9484558105324028,10719,2876,502,51439
Spain_6860600,0.3500000064999999,0.518518522085048,0.46052632288781153,0.5932203458776213,0.5185180335807136,0.9990081786956939,35,41,24,65436
Spain_7558720,0.4117647064789405,0.5833333336326628,0.47264260829727284,0.7617260792462925,0.5833328613561184,0.9911499023286263,406,453,127,64550
Spain_5650136,0.8955556380687054,0.9449003976270758,0.9613774961153742,0.9289785857368288,0.944899897775293,0.9570770263525837,24120,969,1844,38603
Spain_7370579,0.6531633690602501,0.7901982118409054,0.6751273138923641,0.9525547445282531,0.790197726371618,0.8646545410024316,16704,8038,832,39962
Spain_6095801,0.6026626879831674,0.7520767688518994,0.6371799539331173,0.9175257732102873,0.752076285127765,0.9471740722511723,5251,2990,472,56823
Spain_7387658,0.7925257732009209,0.884255930986473,0.9157442265574045,0.854861129327943,0.8842554315795053,0.8697967529164156,32595,2999,5534,24408
Sri-Lanka_117737,0.1473922907327708,0.25691699641456667,0.7738095244827098,0.15402843652012532,0.2569167198834394,0.9770507812350915,260,76,1428,63772
Sri-Lanka_1049830,0.5210871607112585,0.685150955215557,0.5767634859162204,0.8437025799033345,0.685150473067528,0.9922027587739228,556,408,103,64469
Sri-Lanka_534068,0.8497718170834533,0.918785559640176,0.9982676562300868,0.8510267850226029,0.9187850628108005,0.8523254394401196,54744,95,9583,1114
Sri-Lanka_922192,0.4855491344348291,0.6536964987282169,0.6363636377410469,0.672000001312,0.6536959997732779,0.9972839355316577,168,96,82,65190
Sri-Lanka_377277,0.16069788835596976,0.2768987344632521,0.9589041097016325,0.1618122981221395,0.27689848767653646,0.972106933578917,350,15,1813,63358
Sri-Lanka_649970,0.5330179381957386,0.6953838241358643,0.7858180762029009,0.623616236249166,0.6953833307974243,0.9638519286962304,2704,737,1632,60463
Sri-Lanka_450918,0.5397631137565455,0.7010989012631325,0.8428005286092464,0.6001881471305849,0.701098415561863,0.991699218734868,638,119,425,64354
Sri-Lanka_849649,0.6978557510763046,0.82204362821809,0.901763224428808,0.7552742621196745,0.8220431323303474,0.9976348876800899,358,39,116,65023
Sri-Lanka_713926,0.9784760019802832,0.9891209203454016,0.9940182969742627,0.9842715643828445,0.9891204203580632,0.9933624267426551,19775,119,316,45326
USA_905409,0.9580425757478984,0.9785717508017066,0.9779100171329989,0.9792343806447061,0.9785712508031577,0.9927520751801644,10846,245,230,54215
USA_430764,0.6836856801588181,0.8121298270774544,0.7507665353152065,0.8844169246944229,0.8121293304402509,0.9757995605319856,3428,1138,448,60522
USA_350244,0.5746268667297839,0.7298578203319782,0.7427652741390184,0.7173913052254929,0.7298573209100754,0.9973907470550937,231,80,91,65134
USA_527077,0.6441005809591865,0.7835294120193772,0.7762237767453991,0.7909738722304659,0.7835289123186582,0.9971923827972842,333,96,88,65019
USA_933610,0.7624683011306269,0.8652278178104424,0.7982300886741326,0.9445026178591596,0.8652273213977281,0.9957122802582442,902,228,53,64353
USA_66511,0.34127980007367653,0.5088868105623136,0.6956521746914267,0.4011799418861653,0.5088863470616194,0.991989135727051,272,119,406,64739
USA_519181,0.6300751885262027,0.7730627308366579,0.7659963441206649,0.7802607080442072,0.7730622310888842,0.9962463378754236,419,128,118,64871
USA_778194,0.7846425421141724,0.8793273986749123,0.8442545110690839,0.9174406605599168,0.8793268995977869,0.9962768554535482,889,164,80,64403
USA_67102,0.875048506063233,0.9333609271661091,0.9207839934990674,0.9462861938958094,0.9333604272734514,0.9950866699066913,2255,194,128,62959
USA_1049586,0.7343750004150391,0.8468468469848226,0.8159722225417149,0.8801498129585209,0.8468463478389437,0.997406005844156,470,106,64,64896
USA_595451,0.6559573781633907,0.7922394462520972,0.7961983147567708,0.7883197516902755,0.7922389462850298,0.96748352049305,4063,1040,1091,59342
USA_670826,0.17474489901180498,0.2975027152035801,0.7611111124382716,0.1848852912484679,0.29750240148057133,0.9901275634614545,137,43,604,64752
USA_504150,0.6988577365536265,0.822738386416419,0.820731707535693,0.8247549021755455,0.8227378865280627,0.9955749511566838,673,147,143,64573
USA_758178,0.40322580765478666,0.574712644289206,0.6849315079283167,0.4950495062003725,0.574712157848213,0.9954833984223103,200,92,204,65040
