sample_id,IoU,Dice,Precision,Recall
Ghana_313799,0.45950533462546195,0.6296727031057823,0.8304119193653356,0.5070912496641502
Ghana_1078550,0.07121661720856924,0.13296398891598438,0.8571428568367346,0.07207207206990775
Ghana_97059,0.0,0.0,0.0,0.0
Ghana_359826,0.5732620320794304,0.7287559483295123,0.8801313628755315,0.6218097447723688
Ghana_319168,0.6597835962660776,0.7950236377204304,0.7829069881399755,0.8075212292753664
Ghana_866994,0.34033257545353746,0.507833028438299,0.4538779392965148,0.5763466837791792
Ghana_406026,0.7808098591480563,0.8769154720668467,0.928795811508599,0.830524344561512
Ghana_53713,0.0,0.0,0.0,0.0
Ghana_83483,0.0,0.0,0.0,0.0
Ghana_167233,0.0,0.0,0.0,0.0
Ghana_141271,0.0,0.0,0.0,0.0
India_900498,0.8869831930140255,0.9401071470035428,0.9667735552974801,0.9148723246276544
India_591317,0.9162476157444368,0.956293548095022,0.9913324077892044,0.9236470423713733
India_747992,0.7750105667000113,0.8732461442647776,0.946137969357408,0.8107823129248942
India_79637,0.22366450324401566,0.3655650754779047,0.3936731107171031,0.3412033511017426
India_952728,0.30192572214476643,0.4638140517684527,0.37505339598301984,0.6076124567432
India_828067,0.5770270270244279,0.7317909168788009,0.7294988610436817,0.7340974211992316
India_570384,0.5793965859456542,0.7336936031158304,0.6786793768875177,0.7984135667374223
India_44475,0.0,0.0,0.0,0.0
India_80221,0.8714784782536228,0.9313262090695761,0.9129398334673271,0.950468400447095
India_1018327,0.7167905994668898,0.835035559595297,0.8187919463078661,0.8519367157655734
India_592446,0.6461839530307391,0.7850689491184378,0.8419173890829071,0.7354120267227822
India_772630,0.42592592591465805,0.5974025973915139,0.8341968911484872,0.465317919061696
India_631692,0.5825545171158083,0.7362204724264524,0.6111111110911401,0.9257425742115969
India_399883,0.7515826427253823,0.8581754858634065,0.9769590424533469,0.7651453011481237
Mekong_333434,0.3929173693052874,0.5641646489069966,0.5641646489035815,0.5641646489035815
Mekong_45934,0.336134453753266,0.503144654056406,0.4761904761337869,0.5333333332622223
Mekong_1443339,0.8994109192491955,0.9470419593088547,0.9732109609443031,0.9222434407171782
Mekong_382276,0.9316698656394178,0.9646263910950623,0.9367039752954971,0.9942646456329609
Mekong_254910,0.19999999996,0.33333333327777775,0.45454545433884297,0.26315789466759004
Mekong_424793,0.6151129943459385,0.7616965456897171,0.6869085173447406,0.8547595681957335
Nigeria_417184,0.019911504424631923,0.0390455531450539,0.026162790697420907,0.07692307692088537
Nigeria_225131,0.5710659898332217,0.7269789983727467,0.6637168141397134,0.8035714285427296
Nigeria_812045,0.8746375525176417,0.9331271011220296,0.8865728938605145,0.9848414179101196
Nigeria_22088,0.3392857142655187,0.5066666666441482,0.8507462685297394,0.36075949364805315
Pakistan_849790,0.6595645927725363,0.7948646237030652,0.9286158824990887,0.6947917394238331
Pakistan_664885,0.3392122280991228,0.5065847234393916,0.3432480666249658,0.9664991624628727
Pakistan_694942,0.6400398690009397,0.7805174509456672,0.6496603555417696,0.9773863883431673
Pakistan_70625,0.2711171662106872,0.42658092175548457,0.5669515669434907,0.3419243986224921
Pakistan_528249,0.0,0.0,0.0,0.0
Pakistan_167553,0.0,0.0,0.0,0.0
Paraguay_913449,0.36609955891388724,0.5359778597761256,0.7345132743269973,0.42193173565416175
Paraguay_280900,0.7149532710243253,0.8337874659375302,0.8416870415596475,0.8260347930364366
Paraguay_790830,0.9310344827574658,0.9642857142850948,0.986722755355611,0.9428463760822223
Paraguay_232281,0.5310173697264482,0.6936790923819849,0.7639136784021355,0.6352718931309739
Paraguay_271769,0.39684625492251185,0.5682031984894808,0.7294685990161964,0.46533127888343095
Paraguay_40936,0.0,0.0,0.0,0.0
Paraguay_1029191,0.8348804279414451,0.9100107181132219,0.989464851761151,0.8423684419391678
Paraguay_59731,0.7494505494423137,0.8567839195926082,0.762863534667082,0.9770773638828499
Paraguay_683296,0.7305327868815035,0.8442865600922312,0.932026143784758,0.7716450216408461
Paraguay_34417,0.0,0.0,0.0,0.0
Paraguay_868895,0.5263729107867888,0.689704209327802,0.7865715212429888,0.6140795137994073
Paraguay_511199,0.42456230689900987,0.5960600036135983,0.6180659670141752,0.5755671902248671
Paraguay_80102,0.14285714265306124,0.24999999968749997,0.249999999375,0.249999999375
Paraguay_651904,0.7177465596319986,0.8356838855037673,0.9654839953702941,0.7366485214054191
Somalia_699062,0.5500848896387939,0.7097480832381723,0.6434955312746425,0.7912087911991306
Somalia_60129,0.0,0.0,0.0,0.0
Somalia_685158,0.7304512806603464,0.8442321246762908,0.8307644882847861,0.8581436077044131
Somalia_166342,0.0,0.0,0.0,0.0
Somalia_94102,0.8500542299326191,0.9189506082354991,0.8586688578448133,0.9883354350536308
Somalia_322855,0.777871881736389,0.8750595470092785,0.8511373209765365,0.9003653863284017
Spain_6860600,0.3473684210160665,0.5156249999597168,0.47826086949590424,0.5593220338035048
Spain_7558720,0.37296416937807036,0.5432977461414988,0.39722463139291225,0.8592870543928839
Spain_5650136,0.8309250199109376,0.9076559781255888,0.9819379705983408,0.8438222153748097
Spain_7370579,0.6509811774126347,0.7885991510004152,0.6861834606776621,0.9269502737220991
Spain_6095801,0.5723526343238682,0.7280207020100006,0.5868635002133217,0.9585881530648985
Spain_7387658,0.5190762030724084,0.6834103542963158,0.9450335725858091,0.5352356474073448
Sri-Lanka_117737,0.16147308781778202,0.27804878048644854,0.7872928176578096,0.1688388625582415
Sri-Lanka_1049830,0.36246153845930795,0.5320686540174704,0.37877813504579566,0.8937784521867408
Sri-Lanka_534068,0.21022224292966032,0.34741097208850213,0.9954405059560263,0.21042486047845999
Sri-Lanka_922192,0.4911838790808266,0.6587837837726557,0.5701754385798194,0.7799999999688
Sri-Lanka_377277,0.5304721030020152,0.6932136847989534,0.8809693513835997,0.5714285714259296
Sri-Lanka_649970,0.5553828216079375,0.71414292853484,0.7791712104667962,0.6591328413268932
Sri-Lanka_450918,0.5410497981121061,0.7021834061104708,0.6552567237110412,0.7563499529561962
Sri-Lanka_849649,0.7495256166840697,0.8568329717911406,0.8816964285517478,0.8333333333157524
Sri-Lanka_713926,0.80129953871296,0.8896904945476127,0.9956856702613277,0.8040913842014812
USA_905409,0.9575040344262529,0.9782907392136218,0.992749581705714,0.9642470205841781
USA_430764,0.6938031591723496,0.8192252510750606,0.7633689839555183,0.8839009287902893
USA_350244,0.5776081424789412,0.7322580645043184,0.7617449664173911,0.7049689440774854
USA_527077,0.6913580246771326,0.817518248165237,0.8379052368868353,0.7980997624513515
USA_933610,0.8024911031957075,0.8904244817330187,0.8422035480780374,0.9445026177911571
USA_66511,0.2384105960233323,0.3850267379637965,0.7003891050311133,0.2654867256598011
USA_519181,0.6519685039267407,0.789323164911446,0.8085937499842072,0.7709497206560344
USA_778194,0.7947794779406411,0.8856569709082966,0.8614634146257419,0.9112487100009159
USA_67102,0.8922651933666446,0.9430656934286902,0.9373963515715698,0.9488040285314779
USA_1049586,0.7424960505411928,0.852221214860814,0.8260105448009488,0.8801498127176002
USA_595451,0.669711059447576,0.8021879661851793,0.8228932870825895,0.7824990298781869
USA_670826,0.1842783505130892,0.3112078345994428,0.8033707864717207,0.19298245613774653
USA_504150,0.7354211662987535,0.8475420037283912,0.8609355246414546,0.8345588235191843
USA_758178,0.40243902438206425,0.5739130434699433,0.6923076922834858,0.4900990098888589
